title,genre,rating,cast,description,director,year
Interstellar,Sci-Fi|Drama,8.7,Matthew McConaughey|Anne Hathaway|Jessica Chastain,Explorers travel through a wormhole in space to save humanity,Christopher Nolan,2014
Inception,Sci-Fi|Thriller|Action,8.8,Leonardo DiCaprio|Tom Hardy|Joseph Gordon-Levitt,A skilled thief enters dreams to steal secrets,Christopher Nolan,2010
The Martian,Sci-Fi|Drama|Adventure,8.0,Matt Damon|Jessica Chastain|Kristen Wiig,An astronaut struggles to survive alone on Mars,Ridley Scott,2015
Gravity,Sci-Fi|Thriller|Drama,7.7,Sandra Bullock|George Clooney,Two astronauts struggle to survive after an accident in space,Alfonso Cuarón,2013
Arrival,Sci-Fi|Drama|Mystery,7.9,Amy Adams|Jeremy Renner|Forest Whitaker,A linguist tries to communicate with mysterious aliens,Denis Villeneuve,2016
The Prestige,Drama|Mystery|Thriller,8.5,Christian Bale|Hugh Jackman|Scarlett Johansson,Two rival magicians compete to create the greatest illusion,Christopher Nolan,2006
Avatar,Sci-Fi|Adventure|Fantasy,7.8,Sam Worthington|Zoe Saldana|Sigourney Weaver,A marine discovers a new world and becomes involved in its conflict,James Cameron,2009
Titanic,Romance|Drama,7.9,Leonardo DiCaprio|Kate Winslet|Billy Zane,A young couple falls in love aboard a doomed ship,James Cameron,1997
The Dark Knight,Action|Crime|Drama,9.0,Christian Bale|Heath Ledger|Gary Oldman,A masked hero faces a dangerous criminal mastermind,Christopher Nolan,2008
Avengers Endgame,Action|Adventure|Sci-Fi,8.4,Robert Downey Jr.|Chris Evans|Mark Ruffalo,Heroes attempt to reverse the destruction caused by Thanos,Anthony Russo|Joe Russo,2019
Jurassic Park,Adventure|Sci-Fi|Thriller,8.2,Sam Neill|Laura Dern|Jeff Goldblum,Scientists create a theme park filled with genetically engineered dinosaurs,Steven Spielberg,1993
Iron Man,Action|Adventure|Sci-Fi,7.9,Robert Downey Jr.|Gwyneth Paltrow|Jeff Bridges,A billionaire builds a powerful armored suit and becomes a superhero,Jon Favreau,2008
The Matrix,Action|Sci-Fi,8.7,Keanu Reeves|Laurence Fishburne|Carrie-Anne Moss,A computer programmer discovers that reality is a simulation,Lana Wachowski|Lilly Wachowski,1999
Gladiator,Action|Drama|Adventure,8.5,Russell Crowe|Joaquin Phoenix|Connie Nielsen,A Roman general seeks revenge after being betrayed,Ridley Scott,2000
Dune,Sci-Fi|Adventure|Drama,8.0,Timothée Chalamet|Rebecca Ferguson|Zendaya,A young nobleman becomes involved in a conflict over a desert planet,Denis Villeneuve,2021